{
    "impute": {
        "MCAR": {
            "0.01": {
                "tddpm": 0.9929611206054716,
                "mean_mode": 0.757841140529532,
                "random forest": 2.618000000000009
            },
            "0.1": {
                "tddpm": 8.820499602848095,
                "mean_mode": 10.349143372468356,
                "random forest": 9.216799824234002
            },
            "0.3": {
                "tddpm": 8.695090698034152,
                "mean_mode": 8.094959840492075,
                "random forest": 7.9099466812362245
            },
            "0.5": {
                "tddpm": 9.431639468287823,
                "mean_mode": 8.748319574599696,
                "random forest": 7.5607370414787995
            }
        },
        "MNAR": {
            "0.01": {
                "tddpm": 3.4645538330078125,
                "mean_mode": 2.557841140529529,
                "random forest": 3.435999999999993
            },
            "0.1": {
                "tddpm": 11.212801997480499,
                "mean_mode": 3.434250636939666,
                "random forest": 4.902644476878438
            },
            "0.3": {
                "tddpm": 9.416617486163993,
                "mean_mode": 6.215913882294439,
                "random forest": 5.575287376098825
            },
            "0.5": {
                "tddpm": 7.951567007136358,
                "mean_mode": 3.457866115464312,
                "random forest": 4.520704387133065
            }
        },
        "MAR": {
            "0.01": {
                "tddpm": 3.5704128265380852,
                "mean_mode": 10.14215885947047,
                "random forest": 7.705999999999989
            },
            "0.1": {
                "tddpm": 10.007400095600193,
                "mean_mode": 6.810092449832841,
                "random forest": 7.2049468006363515
            },
            "0.3": {
                "tddpm": 9.077602492416561,
                "mean_mode": 6.491156493365246,
                "random forest": 5.247613291856551
            },
            "0.5": {
                "tddpm": 8.248855223506407,
                "mean_mode": 8.515433652138421,
                "random forest": 7.061262187125233
            }
        }
    }
}
