{
    "impute": {
        "MCAR": {
            "0.01": {
                "tddpm": 0.41385134225120473,
                "mean_mode": 0.3588347935903036,
                "random forest": 0.3521402826654237
            },
            "0.1": {
                "tddpm": 0.3767349323228871,
                "mean_mode": 0.32003271863235544,
                "random forest": 0.30135881782490986
            },
            "0.3": {
                "tddpm": 0.3767469959278489,
                "mean_mode": 0.3302725157451344,
                "random forest": 0.30928289154661365
            },
            "0.5": {
                "tddpm": 0.3734370083985225,
                "mean_mode": 0.3309720254058313,
                "random forest": 0.31099668542911185
            }
        },
        "MNAR": {
            "0.01": {
                "tddpm": 0.5936612263620682,
                "mean_mode": 0.48965336082366195,
                "random forest": 0.4173205772964119
            },
            "0.1": {
                "tddpm": 0.44310850868690577,
                "mean_mode": 0.3877377618952658,
                "random forest": 0.3265090285577023
            },
            "0.3": {
                "tddpm": 0.31365626523142415,
                "mean_mode": 0.2539730130965869,
                "random forest": 0.2281429710635399
            },
            "0.5": {
                "tddpm": 0.27543311095717155,
                "mean_mode": 0.20257177576132926,
                "random forest": 0.19260003536807496
            }
        },
        "MAR": {
            "0.01": {
                "tddpm": 0.3120638426223315,
                "mean_mode": 0.2626439721518691,
                "random forest": 0.257246066864969
            },
            "0.1": {
                "tddpm": 0.3288253281416148,
                "mean_mode": 0.28900917953297006,
                "random forest": 0.26203762490983123
            },
            "0.3": {
                "tddpm": 0.32878014464383354,
                "mean_mode": 0.29001373283163984,
                "random forest": 0.26297860920203
            },
            "0.5": {
                "tddpm": 0.3256634730310494,
                "mean_mode": 0.2932442831724486,
                "random forest": 0.2661074644704024
            }
        }
    }
}
