{
    "num_samples": 0.4251881408141902,
    "lr": 0.20378712178453046,
    "steps": 0.13410551339708146,
    "batch_size": 0.09445689883137115,
    "d_last": 0.06182532494734158,
    "num_timesteps": 0.03448689889585225,
    "n_layers": 0.02585046013760285,
    "d_first": 0.020299641192029868
}
