{
    "impute": {
        "MCAR": {
            "0.01": {
                "tddpm": 0.48432516026191735,
                "mean_mode": 0.5003440090743675,
                "random forest": 0.38131444668616477
            },
            "0.1": {
                "tddpm": 0.5496088902322872,
                "mean_mode": 0.5225397923936328,
                "random forest": 0.3857731866527857
            },
            "0.3": {
                "tddpm": 0.5351724274132308,
                "mean_mode": 0.5038193620394987,
                "random forest": 0.35823400575599956
            },
            "0.5": {
                "tddpm": 0.5314328776471119,
                "mean_mode": 0.499983772372124,
                "random forest": 0.3543361657839045
            }
        },
        "MNAR": {
            "0.01": {
                "tddpm": 0.40197034748871774,
                "mean_mode": 0.49961034671787374,
                "random forest": 0.2956884487341609
            },
            "0.1": {
                "tddpm": 0.4228564607895962,
                "mean_mode": 0.44798422643979624,
                "random forest": 0.3100099032223676
            },
            "0.3": {
                "tddpm": 0.37840617499893003,
                "mean_mode": 0.09989952389195068,
                "random forest": 0.22199095956243078
            },
            "0.5": {
                "tddpm": 0.46476490089307515,
                "mean_mode": 0.2998428817426347,
                "random forest": 0.2869417527300236
            }
        },
        "MAR": {
            "0.01": {
                "tddpm": 0.5512762348047908,
                "mean_mode": 0.4502041168344952,
                "random forest": 0.3407004908959656
            },
            "0.1": {
                "tddpm": 0.5039154761600873,
                "mean_mode": 0.46986301525974383,
                "random forest": 0.3430513931044203
            },
            "0.3": {
                "tddpm": 0.5420309241946251,
                "mean_mode": 0.5077089057306573,
                "random forest": 0.3522079338362029
            },
            "0.5": {
                "tddpm": 0.5335985331509459,
                "mean_mode": 0.49887711382241007,
                "random forest": 0.35324343459248436
            }
        }
    }
}
