{
    "learning_rate": 0.06858446679989397,
    "depth": 9,
    "l2_leaf_reg": 6.285184863021497,
    "bagging_temperature": 0.05113780937053608,
    "leaf_estimation_iterations": 4,
    "iterations": 2000,
    "early_stopping_rounds": 50,
    "od_pval": 0.001,
    "task_type": "CPU",
    "thread_count": 10,
    "cat_features": [
        13
    ]
}
