{
    "coefficient3": {
        "MCAR": {
            "0.01": {
                "tddpm": 0.14126831614300311,
                "mean_mode": 0.2616361460458251,
                "random forest": 0.08952644181874601
            },
            "0.1": {
                "tddpm": 0.14886152774488468,
                "mean_mode": 0.30275765574428665,
                "random forest": 0.11413680601360271
            },
            "0.3": {
                "tddpm": 0.13728193854127602,
                "mean_mode": 0.29581940826995184,
                "random forest": 0.10940486877389187
            },
            "0.5": {
                "tddpm": 0.13237425457312818,
                "mean_mode": 0.29358873958115983,
                "random forest": 0.10404416184242038
            }
        },
        "MNAR": {
            "0.01": {
                "tddpm": 0.12381507945127998,
                "mean_mode": 0.01598544485431008,
                "random forest": 0.10104261724602051
            },
            "0.1": {
                "tddpm": 0.1133968397161599,
                "mean_mode": 0.05939810793913258,
                "random forest": 0.0836111344559456
            },
            "0.3": {
                "tddpm": 0.10989423112310774,
                "mean_mode": 0.1561626240948609,
                "random forest": 0.09102791630303611
            },
            "0.5": {
                "tddpm": 0.1249837423728496,
                "mean_mode": 0.2810150469192763,
                "random forest": 0.09896088880690558
            }
        },
        "MAR": {
            "0.01": {
                "tddpm": 0.13490930640668103,
                "mean_mode": 0.25175483732892884,
                "random forest": 0.10985397230950358
            },
            "0.1": {
                "tddpm": 0.12360540843541715,
                "mean_mode": 0.29282046105815096,
                "random forest": 0.09458602918669697
            },
            "0.3": {
                "tddpm": 0.13351815318101692,
                "mean_mode": 0.30605390912360486,
                "random forest": 0.09601444013164723
            },
            "0.5": {
                "tddpm": 0.12272338787603354,
                "mean_mode": 0.28423860849704696,
                "random forest": 0.1002747173459348
            }
        }
    },
    "coefficient4": {
        "MCAR": {
            "0.01": {
                "tddpm": 0.10579420251953622,
                "mean_mode": 0.3509770364367134,
                "random forest": 0.14095357937307157
            },
            "0.1": {
                "tddpm": 0.10161644053087249,
                "mean_mode": 0.3171704294143881,
                "random forest": 0.0915798639112424
            },
            "0.3": {
                "tddpm": 0.102458089632478,
                "mean_mode": 0.31471937106720715,
                "random forest": 0.08603235455177716
            },
            "0.5": {
                "tddpm": 0.10255771046191205,
                "mean_mode": 0.3115458193861656,
                "random forest": 0.08695619771691089
            }
        },
        "MNAR": {
            "0.01": {
                "tddpm": 0.07257580015916074,
                "mean_mode": 0.08776556187714685,
                "random forest": 0.07371237834259607
            },
            "0.1": {
                "tddpm": 0.09433177011620021,
                "mean_mode": 0.13002880755207302,
                "random forest": 0.08119181646277045
            },
            "0.3": {
                "tddpm": 0.09804765601443731,
                "mean_mode": 0.253748908964401,
                "random forest": 0.08636517193293589
            },
            "0.5": {
                "tddpm": 0.09937805268298902,
                "mean_mode": 0.22057721360723978,
                "random forest": 0.08452434919636272
            }
        },
        "MAR": {
            "0.01": {
                "tddpm": 0.06009550381911923,
                "mean_mode": 0.24144150672538836,
                "random forest": 0.06992150306371342
            },
            "0.1": {
                "tddpm": 0.09585605906855629,
                "mean_mode": 0.26778312331258064,
                "random forest": 0.07973451299131681
            },
            "0.3": {
                "tddpm": 0.10136638570932792,
                "mean_mode": 0.30911676516487313,
                "random forest": 0.08384237224586981
            },
            "0.5": {
                "tddpm": 0.10247542608467636,
                "mean_mode": 0.2878988893135343,
                "random forest": 0.09210030103411908
            }
        }
    }
}
