{
    "impute": {
        "MCAR": {
            "0.01": {
                "tddpm": 13.967933810532962,
                "mean_mode": 13.217095165514161,
                "random forest": 10.405844573914592
            },
            "0.1": {
                "tddpm": 14.283403724628196,
                "mean_mode": 12.048475898817037,
                "random forest": 10.34629280122133
            },
            "0.3": {
                "tddpm": 15.03978200421156,
                "mean_mode": 12.460348487254604,
                "random forest": 11.047448046122422
            },
            "0.5": {
                "tddpm": 14.91516847524598,
                "mean_mode": 12.389774634872488,
                "random forest": 11.057624050153093
            }
        },
        "MNAR": {
            "0.01": {
                "tddpm": 12.193758811687957,
                "mean_mode": 9.553401433147835,
                "random forest": 7.630377583798236
            },
            "0.1": {
                "tddpm": 15.524679724603281,
                "mean_mode": 14.36758417325564,
                "random forest": 12.160794339176595
            },
            "0.3": {
                "tddpm": 10.554982200614479,
                "mean_mode": 0.44659803784328456,
                "random forest": 6.045466565031704
            },
            "0.5": {
                "tddpm": 10.759502147714917,
                "mean_mode": 3.590043121546451,
                "random forest": 6.268255738510068
            }
        },
        "MAR": {
            "0.01": {
                "tddpm": 15.864963922612963,
                "mean_mode": 11.979796886728323,
                "random forest": 10.412529901456761
            },
            "0.1": {
                "tddpm": 14.931448778144938,
                "mean_mode": 11.398198544231056,
                "random forest": 10.5234436069391
            },
            "0.3": {
                "tddpm": 15.117234801687246,
                "mean_mode": 12.38740919216527,
                "random forest": 11.186793172188157
            },
            "0.5": {
                "tddpm": 14.996458244352054,
                "mean_mode": 12.151844628732684,
                "random forest": 11.041879728564457
            }
        }
    }
}
