{
    "impute": {
        "MCAR": {
            "0.01": {
                "tddpm": 61.95539654854237,
                "mean_mode": 107.00950830352862,
                "random forest": 0.05665745605205905
            },
            "0.1": {
                "tddpm": 36.78335029613149,
                "mean_mode": 55.32930720115731,
                "random forest": 0.055479394174306355
            },
            "0.3": {
                "tddpm": 33.02284188890854,
                "mean_mode": 60.799424199935174,
                "random forest": 0.05557227683183039
            },
            "0.5": {
                "tddpm": 37.704896835143785,
                "mean_mode": 63.65524239017255,
                "random forest": 0.0557507992071124
            }
        },
        "MNAR": {
            "0.01": {
                "tddpm": 0.04974120422081874,
                "mean_mode": 3.4410909772530816,
                "random forest": 0.02994048518006422
            },
            "0.1": {
                "tddpm": 0.05683221368775946,
                "mean_mode": 3.449161512519107,
                "random forest": 0.035549605447780804
            },
            "0.3": {
                "tddpm": 0.06465084531501247,
                "mean_mode": 3.4681112404223855,
                "random forest": 0.043349430710263884
            },
            "0.5": {
                "tddpm": 0.07870289856194077,
                "mean_mode": 3.506977675582565,
                "random forest": 0.0512749398160907
            }
        },
        "MAR": {
            "0.01": {
                "tddpm": 0.08320429590642202,
                "mean_mode": 3.458524125578594,
                "random forest": 0.05206668516813678
            },
            "0.1": {
                "tddpm": 0.08663348412925051,
                "mean_mode": 3.4682906286689836,
                "random forest": 0.05382773045066745
            },
            "0.3": {
                "tddpm": 0.08956644946806294,
                "mean_mode": 3.4826887492981724,
                "random forest": 0.05609226013328622
            },
            "0.5": {
                "tddpm": 0.0940955122778145,
                "mean_mode": 3.498262414188298,
                "random forest": 0.05954303804337806
            }
        }
    }
}
