{
    "impute": {
        "MCAR": {
            "0.01": {
                "tddpm": 0.43841701859416127,
                "mean_mode": 0.5028072171025584,
                "random forest": 0.1186307147218957
            },
            "0.1": {
                "tddpm": 0.37897382703834015,
                "mean_mode": 0.40419674061773364,
                "random forest": 0.11083008645805126
            },
            "0.3": {
                "tddpm": 0.3457616551738612,
                "mean_mode": 0.4130688025706126,
                "random forest": 0.1185979510945415
            },
            "0.5": {
                "tddpm": 0.3970262742284338,
                "mean_mode": 0.5111037774124232,
                "random forest": 0.13630803500768626
            }
        },
        "MNAR": {
            "0.01": {
                "tddpm": 0.056358140650997444,
                "mean_mode": 0.0830523848074028,
                "random forest": 0.054531548061814865
            },
            "0.1": {
                "tddpm": 0.06521861705506013,
                "mean_mode": 0.07548745489223363,
                "random forest": 0.04582592656900533
            },
            "0.3": {
                "tddpm": 0.06270262164591875,
                "mean_mode": 0.06048937536043968,
                "random forest": 0.03846340781020601
            },
            "0.5": {
                "tddpm": 0.06399595799711412,
                "mean_mode": 0.048406761745151405,
                "random forest": 0.04047046527249745
            }
        },
        "MAR": {
            "0.01": {
                "tddpm": 0.1391773480955604,
                "mean_mode": 0.10369018016499147,
                "random forest": 0.07598968833741965
            },
            "0.1": {
                "tddpm": 0.11440982650568134,
                "mean_mode": 0.11291220171688517,
                "random forest": 0.07180307729660498
            },
            "0.3": {
                "tddpm": 0.11301524072278771,
                "mean_mode": 0.14493306468939748,
                "random forest": 0.07095447767058845
            },
            "0.5": {
                "tddpm": 0.10842907103283493,
                "mean_mode": 0.12841122395603582,
                "random forest": 0.06884346317280049
            }
        }
    }
}
