{
    "impute": {
        "MCAR": {
            "0.01": {
                "tddpm": 502.62690474417917,
                "mean_mode": 457.08201475792805,
                "random forest": 16.462823869781328
            },
            "0.1": {
                "tddpm": 559.5504687142317,
                "mean_mode": 510.90667398174827,
                "random forest": 120.46343699457648
            },
            "0.3": {
                "tddpm": 502.1810370951021,
                "mean_mode": 471.3569514575953,
                "random forest": 74.17212629717746
            },
            "0.5": {
                "tddpm": 483.131625454072,
                "mean_mode": 458.4625391961675,
                "random forest": 62.40326393837074
            }
        },
        "MNAR": {
            "0.01": {
                "tddpm": 1317.3109714169152,
                "mean_mode": 1249.6467482877365,
                "random forest": 92.05395589190525
            },
            "0.1": {
                "tddpm": 536.4870594123132,
                "mean_mode": 365.6654447964744,
                "random forest": 23.36195533717
            },
            "0.3": {
                "tddpm": 196.8082816799927,
                "mean_mode": 294.9566223250434,
                "random forest": 15.81900561531626
            },
            "0.5": {
                "tddpm": 196.0210168192591,
                "mean_mode": 294.9566223250434,
                "random forest": 14.67650808249714
            }
        },
        "MAR": {
            "0.01": {
                "tddpm": 681.2907646984983,
                "mean_mode": 562.6323857423955,
                "random forest": 80.95350748681989
            },
            "0.1": {
                "tddpm": 522.9608518143281,
                "mean_mode": 489.4388869007685,
                "random forest": 34.63407691226683
            },
            "0.3": {
                "tddpm": 438.08833622927915,
                "mean_mode": 427.78293615933217,
                "random forest": 71.58277552762014
            },
            "0.5": {
                "tddpm": 427.8552676674299,
                "mean_mode": 413.84273569526107,
                "random forest": 58.487853326698406
            }
        }
    }
    "impute_cat": {
        "MCAR": {
            "0.01": {
                "tddpm": 0.4880952380952381,
                "mean_mode": 0.4941176470588235,
                "random forest": 0.4941176470588235
            },
            "0.1": {
                "tddpm": 0.49767441860465117,
                "mean_mode": 0.49825783972125437,
                "random forest": 0.7488372093023256
            },
            "0.3": {
                "tddpm": 0.7480559875583204,
                "mean_mode": 0.49806351665375675,
                "random forest": 0.7294121156083156
            },
            "0.5": {
                "tddpm": 0.7331952370500439,
                "mean_mode": 0.49837511606313833,
                "random forest": 0.7210605121850475
            }
        },
        "MNAR": {
            "0.01": {
                "tddpm": 1.0,
                "mean_mode": 1.0,
                "random forest": 1.0
            },
            "0.1": {
                "tddpm": 0.4988399071925754,
                "mean_mode": 1.0,
                "random forest": 1.0
            },
            "0.3": {
                "tddpm": 0.49767441860465117,
                "mean_mode": 1.0,
                "random forest": 1.0
            },
            "0.5": {
                "tddpm": 0.49755870727737733,
                "mean_mode": 1.0,
                "random forest": 0.49988428604489704
            }
        },
        "MAR": {
            "0.01": {
                "tddpm": 1.0,
                "mean_mode": 0.4941176470588235,
                "random forest": 1.0
            },
            "0.1": {
                "tddpm": 0.6619718309859154,
                "mean_mode": 0.49825783972125437,
                "random forest": 0.6982537834691502
            },
            "0.3": {
                "tddpm": 0.574790467384496,
                "mean_mode": 0.4988399071925754,
                "random forest": 0.7492260061919505
            },
            "0.5": {
                "tddpm": 0.6284575786077652,
                "mean_mode": 0.4986078886310905,
                "random forest": 0.7490710636321412
            }
        }
    }
}
