{
    "impute": {
        "MCAR": {
            "0.01": {
                "tddpm": 32.00337649385272,
                "mean_mode": 105.32818410656998,
                "random forest": 2.0646226041245233
            },
            "0.1": {
                "tddpm": 35.429824438099395,
                "mean_mode": 117.8654928894055,
                "random forest": 2.82923476777675
            },
            "0.3": {
                "tddpm": 36.59504826526714,
                "mean_mode": 121.84830637159057,
                "random forest": 3.779154668277197
            },
            "0.5": {
                "tddpm": 38.35790246398688,
                "mean_mode": 119.25477830442476,
                "random forest": 3.9287191059412003
            }
        },
        "MNAR": {
            "0.01": {
                "tddpm": 3.851552294889652,
                "mean_mode": 34.65816960982107,
                "random forest": 0.5762741345684264
            },
            "0.1": {
                "tddpm": 5.469861114599733,
                "mean_mode": 30.361228552526494,
                "random forest": 0.9898392518090535
            },
            "0.3": {
                "tddpm": 11.961248476302764,
                "mean_mode": 23.461926073910817,
                "random forest": 1.56400708791921
            },
            "0.5": {
                "tddpm": 2.5710502922841543,
                "mean_mode": 42.97805297020067,
                "random forest": 0.6313928467900849
            }
        },
        "MAR": {
            "0.01": {
                "tddpm": 31.478220630700758,
                "mean_mode": 118.00371170671922,
                "random forest": 3.717853550824818
            },
            "0.1": {
                "tddpm": 32.335639726634106,
                "mean_mode": 109.38403980500308,
                "random forest": 3.076116809346885
            },
            "0.3": {
                "tddpm": 38.13552765989695,
                "mean_mode": 119.09987110351967,
                "random forest": 6.663830318710497
            },
            "0.5": {
                "tddpm": 12.184008539766058,
                "mean_mode": 50.868249993703095,
                "random forest": 0.9783944707351486
            }
        }
    }
}
