{
    "impute": {
        "MCAR": {
            "0.01": {
                "tddpm": 10.54709579218648,
                "mean_mode": 6.634352947260559,
                "random forest": 6.950137560195016
            },
            "0.1": {
                "tddpm": 6.575105663730638,
                "mean_mode": 5.86100687984985,
                "random forest": 6.147759898894849
            },
            "0.3": {
                "tddpm": 7.081570059874333,
                "mean_mode": 5.92111175566722,
                "random forest": 6.288892850339068
            },
            "0.5": {
                "tddpm": 7.042304504753346,
                "mean_mode": 5.947104178361224,
                "random forest": 6.455372257440011
            }
        },
        "MNAR": {
            "0.01": {
                "tddpm": 11.232578619216797,
                "mean_mode": 8.741913600464354,
                "random forest": 2.142795764882888
            },
            "0.1": {
                "tddpm": 6.575853569780947,
                "mean_mode": 4.218705817595019,
                "random forest": 4.454657257080789
            },
            "0.3": {
                "tddpm": 5.6293172752757235,
                "mean_mode": 2.919154006150199,
                "random forest": 3.6665756773336695
            },
            "0.5": {
                "tddpm": 5.474220343191051,
                "mean_mode": 2.4681014821120453,
                "random forest": 3.6065787465105292
            }
        },
        "MAR": {
            "0.01": {
                "tddpm": 3.9313593037987022,
                "mean_mode": 5.234863790044604,
                "random forest": 6.216850016286396
            },
            "0.1": {
                "tddpm": 6.757761676524283,
                "mean_mode": 5.2266727933500645,
                "random forest": 6.080001387130357
            },
            "0.3": {
                "tddpm": 7.420297939339841,
                "mean_mode": 5.900581858503019,
                "random forest": 6.93267722787329
            },
            "0.5": {
                "tddpm": 7.920142616240829,
                "mean_mode": 6.223057607642855,
                "random forest": 6.921302104444718
            }
        }
    }
    "impute_cat": {
        "MCAR": {
            "0.01": {
                "tddpm": 0.3333333333333333,
                "mean_mode": 0.3333333333333333,
                "random forest": 0.0
            },
            "0.1": {
                "tddpm": 0.5954308849045691,
                "mean_mode": 0.10606060606060606,
                "random forest": 0.4083333333333333
            },
            "0.3": {
                "tddpm": 0.6514698519419212,
                "mean_mode": 0.09183673469387754,
                "random forest": 0.3307126696832579
            },
            "0.5": {
                "tddpm": 0.6014889868232433,
                "mean_mode": 0.09638554216867469,
                "random forest": 0.316885605327542
            }
        },
        "MNAR": {
            "0.01": {
                "tddpm": 1.0,
                "mean_mode": 0.0,
                "random forest": 0.0
            },
            "0.1": {
                "tddpm": 0.3696969696969697,
                "mean_mode": 0.0,
                "random forest": 0.26904761904761904
            },
            "0.3": {
                "tddpm": 0.34472934472934474,
                "mean_mode": 0.0,
                "random forest": 0.20855978260869565
            },
            "0.5": {
                "tddpm": 0.5236270303728842,
                "mean_mode": 0.18894830659536543,
                "random forest": 0.28280651340996166
            }
        },
        "MAR": {
            "0.01": {
                "tddpm": 1.0,
                "mean_mode": 1.0,
                "random forest": 0.3333333333333333
            },
            "0.1": {
                "tddpm": 0.5868421052631578,
                "mean_mode": 0.06666666666666668,
                "random forest": 0.3329580636082184
            },
            "0.3": {
                "tddpm": 0.5783936766955635,
                "mean_mode": 0.06521739130434782,
                "random forest": 0.2539650342895779
            },
            "0.5": {
                "tddpm": 0.6421890774615627,
                "mean_mode": 0.07594936708860758,
                "random forest": 0.29274905235726134
            }
        }
    }
}
