{
    "Length": {
        "MCAR": {
            "0.01": {
                "tddpm": 0.016564919405309866,
                "mean_mode": 0.10283072105062556,
                "random forest": 0.014063249980001155
            },
            "0.3": {
                "tddpm": 0.03205737224084817,
                "mean_mode": 0.11090993358099746,
                "random forest": 0.026514137361038158
            },
            "0.5": {
                "tddpm": 0.029412987544180293,
                "mean_mode": 0.11486450254589127,
                "random forest": 0.02323490081813796
            },
            "0.1": {
                "tddpm": 0.04058968031769697,
                "mean_mode": 0.11957101251886386,
                "random forest": 0.03634365218599893
            }
        },
        "MNAR": {
            "0.01": {
                "tddpm": 0.04059977297195092,
                "mean_mode": 0.19598127079308314,
                "random forest": 0.017869430950648656
            },
            "0.1": {
                "tddpm": 0.026311503906166364,
                "mean_mode": 0.1209920475346965,
                "random forest": 0.01754320913479024
            },
            "0.3": {
                "tddpm": 0.0263992700321366,
                "mean_mode": 0.05031525954409033,
                "random forest": 0.01838697310597915
            },
            "0.5": {
                "tddpm": 0.025183419589831127,
                "mean_mode": 0.06511172759565746,
                "random forest": 0.01779261764954688
            }
        },
        "MAR": {
            "0.01": {
                "tddpm": 0.03242288882412882,
                "mean_mode": 0.1616909535263819,
                "random forest": 0.020627689218620657
            },
            "0.1": {
                "tddpm": 0.026407273826030322,
                "mean_mode": 0.1193928892950707,
                "random forest": 0.016863930997092536
            },
            "0.3": {
                "tddpm": 0.024220784535621428,
                "mean_mode": 0.11937426696089175,
                "random forest": 0.0179165747284463
            },
            "0.5": {
                "tddpm": 0.026618152404410792,
                "mean_mode": 0.07105064397319996,
                "random forest": 0.018630126217253976
            }
        }
    }
    "Sex": {
        "MCAR": {
            "0.01": {
                "tddpm": 0.1904761904761905,
                "mean_mode": 0.1818181818181818,
                "random forest": 0.719047619047619
            },
            "0.1": {
                "tddpm": 0.3125396825396825,
                "mean_mode": 0.18550724637681162,
                "random forest": 0.5355555555555556
            },
            "0.3": {
                "tddpm": 0.38325093189473236,
                "mean_mode": 0.1931818181818182,
                "random forest": 0.4997580785660256
            },
            "0.5": {
                "tddpm": 0.4398406149156337,
                "mean_mode": 0.17863397548161122,
                "random forest": 0.5175597386491939
            }
        },
        "MNAR": {
            "0.01": {
                "tddpm": 0.2,
                "mean_mode": 1.0,
                "random forest": 0.38461538461538464
            },
            "0.1": {
                "tddpm": 0.20555555555555557,
                "mean_mode": 1.0,
                "random forest": 0.19373219373219372
            },
            "0.3": {
                "tddpm": 0.37145035258242814,
                "mean_mode": 0.0,
                "random forest": 0.450606754715142
            },
            "0.5": {
                "tddpm": 0.36700739312118286,
                "mean_mode": 0.29510961214165266,
                "random forest": 0.44030583827029207
            }
        },
        "MAR": {
            "0.01": {
                "tddpm": 0.5,
                "mean_mode": 0.2727272727272727,
                "random forest": 0.4666666666666667
            },
            "0.1": {
                "tddpm": 0.3636363636363636,
                "mean_mode": 0.22751322751322753,
                "random forest": 0.3428772352822986
            },
            "0.3": {
                "tddpm": 0.35927400474343707,
                "mean_mode": 0.14420062695924765,
                "random forest": 0.47756862745098044
            },
            "0.5": {
                "tddpm": 0.34737569742754165,
                "mean_mode": 0.19673974142776843,
                "random forest": 0.4711257383400887
            }
        }
    }
}
