{
    "impute": {
        "MCAR": {
            "0.1": {
                "tddpm": 0.0003899901435650799,
                "mean_mode": 0.0004930353543063785,
                "random forest": 0.0004000359785395271
            },
            "0.3": {
                "tddpm": 0.0006449833125336154,
                "mean_mode": 0.0007713390077272782,
                "random forest": 0.0006379859758250873
            },
            "0.5": {
                "tddpm": 0.0007210403417134331,
                "mean_mode": 0.0008751507539416827,
                "random forest": 0.0008552640553600266
            },
            "0.01": {
                "tddpm": 0.00020337296083351226,
                "mean_mode": 0.00036786532342385214,
                "random forest": 0.0003313437907124349
            }
        },
        "MNAR": {
            "0.01": {
                "tddpm": 0.00028450809817566535,
                "mean_mode": 0.00043306544576898537,
                "random forest": 0.0006388957604133827
            },
            "0.1": {
                "tddpm": 0.0009686887308078923,
                "mean_mode": 0.0012578376759193267,
                "random forest": 0.0009786314242049004
            },
            "0.3": {
                "tddpm": 0.0006661283046980914,
                "mean_mode": 0.0008160183683403584,
                "random forest": 0.0006859546138185539
            },
            "0.5": {
                "tddpm": 0.00018507028162297487,
                "mean_mode": 9.508803070875845e-05,
                "random forest": 0.00018661501627488045
            }
        },
        "MAR": {
            "0.01": {
                "tddpm": 0.0017376196631248325,
                "mean_mode": 0.002101786012477135,
                "random forest": 0.0006398950693318013
            },
            "0.1": {
                "tddpm": 0.001435551427576289,
                "mean_mode": 0.0017545546405458112,
                "random forest": 0.0010289277341851328
            },
            "0.3": {
                "tddpm": 0.0011531204727378095,
                "mean_mode": 0.0014330405290589763,
                "random forest": 0.0010735992146837991
            },
            "0.5": {
                "tddpm": 0.0008221311845840889,
                "mean_mode": 0.0009130083761519603,
                "random forest": 0.0008726107906613097
            }
        }
    }
}
