{
    "impute": {
        "MCAR": {
            "0.1": {
                "tddpm": 0.7513322491229147,
                "mean_mode": 0.18646232439335886,
                "random forest": 0.5487103581878082
            },
            "0.01": {
                "tddpm": 0.743810311552247,
                "mean_mode": 0.1923076923076923,
                "random forest": 0.546031746031746
            },
            "0.3": {
                "tddpm": 0.7516438021986506,
                "mean_mode": 0.19418288344842016,
                "random forest": 0.5355744093204647
            },
            "0.5": {
                "tddpm": 0.7588696622081367,
                "mean_mode": 0.1922398589065256,
                "random forest": 0.544559179908473
            }
        },
        "MNAR": {
            "0.01": {
                "tddpm": 0.7472527472527473,
                "mean_mode": 0.2012578616352201,
                "random forest": 0.6924734748010609
            },
            "0.1": {
                "tddpm": 0.7958806416148136,
                "mean_mode": 0.2007434944237918,
                "random forest": 0.560612444890467
            },
            "0.3": {
                "tddpm": 0.7608105486122697,
                "mean_mode": 0.1938860971524288,
                "random forest": 0.5526328644600966
            },
            "0.5": {
                "tddpm": 0.7705499097355689,
                "mean_mode": 0.2013837410427477,
                "random forest": 0.548947993596217
            }
        },
        "MAR": {
            "0.01": {
                "tddpm": 0.7589431844750995,
                "mean_mode": 0.07936507936507937,
                "random forest": 0.613095238095238
            },
            "0.1": {
                "tddpm": 0.6898024977213041,
                "mean_mode": 0.18368657675016056,
                "random forest": 0.4709602114639669
            },
            "0.3": {
                "tddpm": 0.7068569126904997,
                "mean_mode": 0.1791882556131261,
                "random forest": 0.4767146877434681
            },
            "0.5": {
                "tddpm": 0.7048137293971007,
                "mean_mode": 0.1804802478698683,
                "random forest": 0.47242479527175524
            }
        }
    }
}
