{
    "impute": {
        "MCAR": {
            "0.1": {
                "tddpm": 0.6213971949071286,
                "mean_mode": 0.3889798145117294,
                "random forest": 0.7372756260173479
            },
            "0.01": {
                "tddpm": 0.6692617449664431,
                "mean_mode": 0.391304347826087,
                "random forest": 0.7866279597205842
            },
            "0.3": {
                "tddpm": 0.6387488085713569,
                "mean_mode": 0.3929539295392954,
                "random forest": 0.7424058460125587
            },
            "0.5": {
                "tddpm": 0.6546113549331882,
                "mean_mode": 0.3923611111111111,
                "random forest": 0.7509307129174776
            }
        },
        "MNAR": {
            "0.01": {
                "tddpm": 0.6500000000000001,
                "mean_mode": 0.41666666666666663,
                "random forest": 0.6832579185520362
            },
            "0.1": {
                "tddpm": 0.6996608256706838,
                "mean_mode": 0.3879781420765027,
                "random forest": 0.7693087713368262
            },
            "0.3": {
                "tddpm": 0.6325197286458824,
                "mean_mode": 0.3996783991423977,
                "random forest": 0.7326259946949603
            },
            "0.5": {
                "tddpm": 0.6550386472990892,
                "mean_mode": 0.39629150495903404,
                "random forest": 0.7477732767683178
            }
        },
        "MAR": {
            "0.01": {
                "tddpm": 0.5703874184886844,
                "mean_mode": 0.41666666666666663,
                "random forest": 0.6207063376874697
            },
            "0.1": {
                "tddpm": 0.6039614489863743,
                "mean_mode": 0.387308533916849,
                "random forest": 0.7257492564630519
            },
            "0.3": {
                "tddpm": 0.5721445234172304,
                "mean_mode": 0.22023671385472268,
                "random forest": 0.6797891831057538
            },
            "0.5": {
                "tddpm": 0.623759975350181,
                "mean_mode": 0.38771047452438223,
                "random forest": 0.7384510869565217
            }
        }
    }
}
